,Gene,Paralog,Perc_ID,ko_length,paralog_length
0,Furin,TPP2,8.95404,14976,83000
1,Furin,PCSK5,20.5617,14976,472331
2,Furin,MBTPS1,9.79087,14976,63181
3,Furin,PCSK4,52.1854,14976,9324
4,Furin,PCSK2,45.1411,14976,258471
5,Furin,PCSK9,14.8844,14976,25405
6,Furin,PCSK6,37.5645,14976,235418
7,Furin,PCSK1,42.2311,14976,43810
8,Furin,PCSK7,33.121,14976,28188
